{
  "segregation_healthy": {
    "mean": 0.21254438919651347,
    "std": 0.024721204898243584,
    "min": 0.1401837941844936,
    "max": 0.2945730978157108,
    "median": 0.21307503622614093
  },
  "segregation_patho": {
    "mean": 0.1345160592313299,
    "std": 0.014953928332675047,
    "min": 0.09034459956619714,
    "max": 0.1824679139061363,
    "median": 0.13492448994035347
  },
  "aggregation_healthy": {
    "mean": 0.20450081194462535,
    "std": 0.025053719028165482,
    "min": 0.1310066379802571,
    "max": 0.28790032738909843,
    "median": 0.20514186448245939
  },
  "aggregation_patho": {
    "mean": 0.0009673119390696922,
    "std": 9.178285298091128e-05,
    "min": 0.0006581641789995092,
    "max": 0.001254129291804224,
    "median": 0.000970677633016701
  },
  "clustering_healthy": {
    "mean": 0.12018980808060443,
    "std": 0.0138747813275625,
    "min": 0.07984725906547002,
    "max": 0.16998066855541816,
    "median": 0.12011294577153708
  },
  "clustering_patho": {
    "mean": 0.10333242485054751,
    "std": 0.0025025020030990217,
    "min": 0.09569847134086097,
    "max": 0.11758087555333117,
    "median": 0.10320332565575448
  },
  "pathlen_healthy": {
    "mean": 2.3464113514489937,
    "std": 0.052847576077365316,
    "min": 2.206642492394611,
    "max": 2.6543353982149864,
    "median": 2.343009832681443
  },
  "pathlen_patho": {
    "mean": 2.3200206141537563,
    "std": 0.0023566922451591647,
    "min": 2.311026455888744,
    "max": 2.3319412755323774,
    "median": 2.3199695784441547
  },
  "smallworld_healthy": {
    "mean": 4.414076032658789,
    "std": 0.41908153631788647,
    "min": 3.0870920316762414,
    "max": 5.618552884010928,
    "median": 4.427208561037988
  },
  "smallworld_patho": {
    "mean": 3.8443519915689004,
    "std": 0.10582715998929805,
    "min": 3.4653558934111,
    "max": 4.304411034731211,
    "median": 3.839854346752478
  },
  "modularity_healthy": {
    "mean": -0.0018785390802790781,
    "std": 0.002539711917733585,
    "min": -0.010099221182420114,
    "max": 0.008292434733296048,
    "median": -0.001887688854454146
  },
  "modularity_patho": {
    "mean": 0.6335671144880582,
    "std": 0.0023192416749587465,
    "min": 0.624509742331835,
    "max": 0.6416302693512305,
    "median": 0.633611618053683
  }
}